Group,Power,Time
1,369.9506150198928,0.256
1,369.9506150198928,0.268
1,369.9506150198928,0.28
1,369.9506150198928,0.292
1,369.9506150198928,0.304
1,369.9506150198928,0.316
1,369.9506150198928,0.328
1,369.9506150198928,0.34
1,369.9506150198928,0.352
1,369.9506150198928,0.364
1,369.9506150198928,0.376
1,369.9506150198928,0.388
1,369.9506150198928,0.4
1,369.9506150198928,0.412
1,369.9506150198928,0.424
1,369.9506150198928,0.436
1,369.9506150198928,0.448
1,369.9506150198928,0.46
1,369.9506150198928,0.472
1,369.9506150198928,0.484
1,369.9506150198928,0.496
1,369.9506150198928,0.508
1,369.9506150198928,0.52
1,369.9506150198928,0.532
1,369.9506150198928,0.544
1,369.9506150198928,0.556
1,369.9506150198928,0.568
1,369.9506150198928,0.58
1,369.9506150198928,0.592
1,369.9506150198928,0.604
1,369.9506150198928,0.616
1,369.9506150198928,0.628
1,369.9506150198928,0.64
1,369.9506150198928,0.652
1,369.9506150198928,0.664
1,369.9506150198928,0.676
1,369.9506150198928,0.688
1,369.9506150198928,0.7
1,369.9506150198928,0.712
1,369.9506150198928,0.724
1,369.9506150198928,0.736
1,369.9506150198928,0.748
1,369.9506150198928,0.76
1,369.9506150198928,0.772
1,369.9506150198928,0.784
1,369.9506150198928,0.796
1,369.9506150198928,0.808
1,369.9506150198928,0.82
1,369.9506150198928,0.832
1,369.9506150198928,0.844
1,369.9506150198928,0.856
1,369.9506150198928,0.868
1,369.9506150198928,0.88
1,369.9506150198928,0.892
1,369.9506150198928,0.904
1,369.9506150198928,0.916
1,369.9506150198928,0.928
1,369.9506150198928,0.94
1,369.9506150198928,0.952
1,369.9506150198928,0.964
1,369.9506150198928,0.976
1,369.9506150198928,0.988
1,369.9506150198928,1.0
1,369.9506150198928,1.012
1,369.9506150198928,1.024
1,369.9506150198928,1.036
1,369.9506150198928,1.048
1,369.9506150198928,1.06
1,369.9506150198928,1.072
1,369.9506150198928,1.084
1,369.9506150198928,1.096
1,369.9506150198928,1.108
1,369.9506150198928,1.12
1,369.9506150198928,1.132
1,369.9506150198928,1.144
1,369.9506150198928,1.156
1,369.9506150198928,1.168
1,369.9506150198928,1.18
1,369.9506150198928,1.192
1,369.9506150198928,1.204
1,369.9506150198928,1.216
1,369.9506150198928,1.228
1,369.9506150198928,1.24
1,369.9506150198928,1.252
1,369.9506150198928,1.264
1,369.9506150198928,1.276
1,369.9506150198928,1.288
1,369.9506150198928,1.3
1,369.9506150198928,1.312
1,369.9506150198928,1.324
1,369.9506150198928,1.336
1,369.9506150198928,1.348
1,369.9506150198928,1.36
1,369.9506150198928,1.372
1,369.9506150198928,1.384
1,369.9506150198928,1.396
1,369.9506150198928,1.408
1,369.9506150198928,1.42
1,369.9506150198928,1.432
1,369.9506150198928,1.444
2,369.9506150198928,1.456
2,369.9506150198928,1.468
2,369.9506150198928,1.48
2,369.9506150198928,1.492
2,369.9506150198928,1.504
2,369.9506150198928,1.516
2,369.9506150198928,1.528
2,369.9506150198928,1.54
2,369.9506150198928,1.552
2,369.9506150198928,1.564
2,369.9506150198928,1.576
2,369.9506150198928,1.588
2,369.9506150198928,1.6
2,369.9506150198928,1.612
2,369.9506150198928,1.624
2,369.9506150198928,1.636
2,369.9506150198928,1.648
2,369.9506150198928,1.66
2,369.9506150198928,1.672
2,369.9506150198928,1.684
2,369.9506150198928,1.696
2,369.9506150198928,1.708
2,369.9506150198928,1.72
2,369.9506150198928,1.732
2,369.9506150198928,1.744
2,369.9506150198928,1.756
2,369.9506150198928,1.768
2,369.9506150198928,1.78
2,369.9506150198928,1.792
2,369.9506150198928,1.804
2,369.9506150198928,1.816
2,369.9506150198928,1.828
2,369.9506150198928,1.84
2,369.9506150198928,1.852
2,369.9506150198928,1.864
2,369.9506150198928,1.876
2,369.9506150198928,1.888
2,369.9506150198928,1.9
2,369.9506150198928,1.912
2,369.9506150198928,1.924
2,369.9506150198928,1.936
2,369.9506150198928,1.948
2,369.9506150198928,1.96
2,369.9506150198928,1.972
2,369.9506150198928,1.984
2,369.9506150198928,1.996
2,369.9506150198928,2.008
2,369.9506150198928,2.02
2,369.9506150198928,2.032
2,369.9506150198928,2.044
2,369.9506150198928,2.056
2,371.2832860551882,2.068
2,372.58309347436955,2.08
2,373.8581028271376,2.092
2,375.1169218777379,2.104
2,376.36829813215286,2.116
2,377.6209085586864,2.128
2,378.88319406946033,2.14
2,380.16338502987776,2.152
2,381.46961339127205,2.164
2,382.8100103360467,2.176
2,384.1927484803885,2.188
2,385.6259158328496,2.2
2,387.1172789947792,2.212
2,388.6740372894129,2.224
2,390.3025138492317,2.236
2,392.0076728719293,2.248
2,393.79264105686514,2.26
2,395.6585794025788,2.272
2,397.6045596406996,2.284
2,399.62726005229194,2.296
2,401.7208324769789,2.308
2,403.8770320910221,2.32
2,406.08556589390025,2.332
2,408.3346499610966,2.344
2,410.6117328651724,2.356
2,412.9042524594287,2.368
2,415.20043188786127,2.38
2,417.4900292737387,2.392
2,419.7651579021712,2.404
2,422.02092497838055,2.416
2,424.25558216837345,2.428
2,426.47024438335507,2.44
2,428.66838354158494,2.452
2,430.85521399710103,2.464
2,433.03694405605404,2.476
2,435.21976813866627,2.488
2,437.4089902232798,2.5
2,439.60823985216217,2.512
2,441.81869753955397,2.524
2,444.03849368690567,2.536
2,446.26239464338283,2.548
2,448.4819496572024,2.56
2,450.68609768771,2.572
2,452.86187248088623,2.584
2,454.9950994322504,2.596
2,457.0710986179808,2.608
2,459.07512429025184,2.62
2,460.99266961555116,2.632
2,462.8099136483772,2.644
3,464.51434838003127,2.656
3,466.0955189221101,2.668
3,467.5456328291118,2.68
3,468.85976964405813,2.692
3,470.0357100487074,2.704
3,471.0737343779872,2.716
3,471.9765329005021,2.728
3,472.74922282649334,2.74
3,473.3991857583048,2.752
3,473.9355959738482,2.764
3,474.36895509258716,2.776
3,474.7107267031844,2.788
3,474.9728846167308,2.8
3,475.1674872479625,2.812
3,475.3063330691721,2.824
3,475.40088196450324,2.836
3,475.46243992673766,2.848
3,475.5022902701022,2.86
3,475.53177488558487,2.872
3,475.5620919407569,2.884
3,475.60401633308993,2.896
3,475.667629734328,2.908
3,475.76179773777875,2.92
3,475.89358134025485,2.932
3,476.0678706607191,2.944
3,476.287305936834,2.956
3,476.55224813087693,2.968
3,476.86094734379,2.98
3,477.20984794634785,2.992
3,477.5938496042991,3.004
3,478.00659325946884,3.016
3,478.4407949433004,3.028
3,478.8885919017244,3.04
3,479.34197534852456,3.052
3,479.79348330162463,3.064
3,480.23699020246585,3.076
3,480.6682581411534,3.088
3,481.0851195729215,3.1
3,481.4873112317143,3.112
3,481.8761623272333,3.124
3,482.2542473510804,3.136
3,482.62499529549956,3.148
3,482.99235780627913,3.16
3,483.36046951220743,3.172
3,483.73334182639627,3.184
3,484.114600297901,3.196
3,484.5071528381319,3.208
3,484.9127775342558,3.22
3,485.3318435649471,3.232
3,485.7632270325747,3.244
3,486.20473178224677,3.256
3,486.65383272581425,3.268
3,487.1084165879624,3.28
3,487.5674004155823,3.292
3,488.03100330736936,3.304
3,488.50072468479647,3.316
3,488.9791047912295,3.328
3,489.46921115980285,3.34
3,489.9737790564019,3.352
3,490.4942445808431,3.364
3,491.0299861951202,3.376
3,491.57795864060597,3.388
3,492.132658645228,3.4
3,492.68621480908206,3.412
3,493.2285864905646,3.424
3,493.747975928802,3.436
3,494.23156858508474,3.448
3,494.66625503668087,3.46
3,495.03904518831513,3.472
3,495.3377421048485,3.484
3,495.5517741282718,3.496
3,495.67297701724993,3.508
3,495.69616177612505,3.52
3,495.6194347716096,3.532
3,495.4442561391922,3.544
3,495.17519051773826,3.556
3,494.8194782182386,3.568
3,494.38642292508797,3.58
3,493.88663783030677,3.592
3,493.3310063834699,3.604
3,492.7297155754324,3.616
3,492.09171443742514,3.628
3,491.42451428862626,3.64
3,490.73404865657005,3.652
3,490.0246422748069,3.664
3,489.29910076584946,3.676
3,488.5591183970672,3.688
3,487.8057511890477,3.7
3,487.0398411703294,3.712
3,486.2624987085038,3.724
3,485.4756008290483,3.736
3,484.68212109928794,3.748
3,483.88617902029324,3.76
3,483.0928205533588,3.772
3,482.30770937054416,3.784
3,481.5368298748847,3.796
3,480.78627774349434,3.808
3,480.06239782072186,3.82
3,479.3721427096434,3.832
3,478.7233022684027,3.844
4,478.1243730142775,3.856
4,477.5841244801633,3.868
4,477.11095596894154,3.88
4,476.71227356711535,3.892
4,476.3940185592676,3.904
4,476.16011521167894,3.916
4,476.01187996557735,3.928
4,475.94729702958983,3.94
4,475.96043115840405,3.952
4,476.0415664532235,3.964
4,476.1774866896755,3.976
4,476.3518815683404,3.988
4,476.5460247509399,4.0
4,476.73961074406924,4.012
4,476.9116898014917,4.024
4,477.041520401007,4.036
4,477.1091935395903,4.048
4,477.0963911042278,4.06
4,476.98714299497345,4.072
4,476.7686002442576,4.084
4,476.43169633648256,4.096
4,475.97164359683114,4.108
4,475.38821646662245,4.12
4,474.6856969085911,4.132
4,473.8724699195188,4.144
4,472.960213719555,4.156
4,471.96299057811547,4.168
4,470.8961460538663,4.18
4,469.7751206316898,4.192
4,468.61453405909145,4.204
4,467.42753089620976,4.216
4,466.2254197678936,4.228
4,465.01768072639925,4.24
4,463.8120710963359,4.252
4,462.6146177961109,4.264
4,461.4296622091029,4.276
4,460.26010455549425,4.288
4,459.10786411607415,4.3
4,457.97432838291104,4.312
4,456.86058060048276,4.324
4,455.7674707422393,4.336
4,454.6956452857809,4.348
4,453.64556177309026,4.36
4,452.6173470904483,4.372
4,451.61050360348634,4.384
4,450.62363043780783,4.396
4,449.6543284138502,4.408
4,448.69937830789405,4.42
4,447.75513752993464,4.432
4,446.81801214864254,4.444
4,445.884463448035,4.456
4,444.95077982880537,4.468
4,444.0130393082168,4.48
4,443.0672015058212,4.492
4,442.1094521553755,4.504
4,441.1366413685862,4.516
4,440.1465800950855,4.528
4,439.13835257855374,4.54
4,438.1126314130802,4.552
4,437.07194165744687,4.564
4,436.0206672074279,4.576
4,434.96474330047147,4.588
4,433.9112081463241,4.6
4,432.86781157571653,4.612
4,431.84266650623476,4.624
4,430.8438211777942,4.636
4,429.87876391974885,4.648
4,428.9541083299907,4.66
4,428.0754504351737,4.672
4,427.2471671715721,4.684
4,426.47234824710915,4.696
4,425.7527030282439,4.708
4,425.08853766592125,4.72
4,424.47882890190147,4.732
4,423.9213279145444,4.744
4,423.412803593106,4.756
4,422.94934823168387,4.768
4,422.5266172235709,4.78
4,422.1400014850378,4.792
4,421.78481828357616,4.804
4,421.45660635585955,4.816
4,421.1512620785485,4.828
4,420.864876326851,4.84
4,420.59369388977683,4.852
4,420.3341484263908,4.864
4,420.08304875708706,4.876
4,419.83773345158716,4.888
4,419.5962207479613,4.9
4,419.357603426368,4.912
4,419.1225677968661,4.924
4,418.8938374945523,4.936
4,418.67657117945913,4.948
4,418.4785403336189,4.96
4,418.3100439419075,4.972
4,418.18359746874927,4.984
4,418.11347117316376,4.996
4,418.1150745255757,5.008
4,418.20396510158497,5.02
4,418.3946277639774,5.032
4,418.6992552760854,5.044
5,419.1266823406417,5.056
5,419.68169897322485,5.068
5,420.3648225385567,5.08
5,421.1724667999191,5.092
5,422.09733696903663,5.104
5,423.1291419182552,5.116
5,424.255524384693,5.128
5,425.4632915940317,5.14
5,426.7398240873201,5.152
5,428.0740212718072,5.164
5,429.4570191786319,5.176
5,430.8827790645471,5.188
5,432.34849692783,5.2
5,433.8545924309167,5.212
5,435.4044625093166,5.224
5,437.0041645668305,5.236
5,438.6619525868701,5.248
5,440.3874369493801,5.26
5,442.1904338311085,5.272
5,444.0796940042996,5.284
5,446.06165553941764,5.296
5,448.139289113805,5.308
5,450.31127402538704,5.32
5,452.57180367775027,5.332
5,454.9109391155443,5.344
5,457.3153366574485,5.356
5,459.7691230718897,5.368
5,462.25489583972876,5.38
5,464.75488928048776,5.392
5,467.252033905841,5.404
5,469.73087283237913,5.416
5,472.17826967336106,5.428
5,474.58364414369834,5.44
5,476.93890912334405,5.452
5,479.23830161399525,5.464
5,481.47825265391145,5.476
5,483.6572325355783,5.488
5,485.7754514923023,5.5
5,487.8344771294422,5.512
5,489.836888787602,5.524
5,491.78596618617996,5.536
5,493.6853065651606,5.548
5,495.5384768233515,5.56
5,497.34890596650604,5.572
5,499.11999368915735,5.584
5,500.8552792774517,5.596
5,502.55856676686835,5.608
5,504.2338790523157,5.62
5,505.885104391192,5.632
5,507.5156431693889,5.644
5,509.12830476265253,5.656
5,510.7252103576768,5.668
5,512.3075483224111,5.68
5,513.8752702437541,5.692
5,515.4266386012602,5.704
5,516.9579283701032,5.716
5,518.4634131949564,5.728
5,519.9355965518234,5.74
5,521.3656846770646,5.752
5,522.7442146623321,5.764
5,524.0618964309546,5.776
5,525.3105126812874,5.788
5,526.4835835903478,5.8
5,527.576863242695,5.812
5,528.5887363467699,5.824
5,529.5205772600083,5.836
5,530.3770265492542,5.848
5,531.1659765671258,5.86
5,531.8983263240378,5.872
5,532.5876028607544,5.884
5,533.2492863240029,5.896
5,533.9000838995682,5.908
5,534.5570205591763,5.92
5,535.2363487140359,5.932
5,535.9526057020346,5.944
5,536.7177821199167,5.956
5,537.5406424342033,5.968
5,538.4265065534737,5.98
5,539.3774972705072,5.992
5,540.393125652647,6.004
5,541.4708056077492,6.016
5,542.606555316566,6.028
5,543.7962275683185,6.04
5,545.0364019965232,6.052
5,546.3245495685117,6.064
5,547.6586653466161,6.076
5,549.0368626678552,6.088
5,550.4570503964056,6.1
5,551.9163852090243,6.112
5,553.4105260009075,6.124
5,554.932720414505,6.136
5,556.4727463447597,6.148
5,558.016245432568,6.16
5,559.5446162851545,6.172
5,561.0354104787097,6.184
5,562.4629725934961,6.196
5,563.7992209038111,6.208
5,565.0148386572212,6.22
5,566.0808668077481,6.232
5,566.9704341808726,6.244
6,567.6605452474715,6.256
6,568.1334771215131,6.268
6,568.377664031149,6.28
6,568.3881726695636,6.292
6,568.1667235717003,6.304
6,567.7211501598362,6.316
6,567.0644476516904,6.328
6,566.2135408180869,6.34
6,565.1878665144609,6.352
6,564.0081366639433,6.364
6,562.6952804205587,6.376
6,561.2692929905454,6.388
6,559.7481474528629,6.4
6,558.1472752953282,6.412
6,556.4792963265847,6.424
6,554.7538465011272,6.436
6,552.9775892435612,6.448
6,551.1544937216634,6.46
6,549.2864532342946,6.472
6,547.3740493852667,6.484
6,545.4174697776565,6.496
6,543.4175306188112,6.508
6,541.3765902858587,6.52
6,539.298895425524,6.532
6,537.1904752953668,6.544
6,535.0589739731743,6.556
6,532.9133573444818,6.568
6,530.7634581763308,6.58
6,528.6192808995326,6.592
6,526.49035781603,6.604
6,524.3851730597974,6.616
6,522.3106820874042,6.628
6,520.2722011752618,6.64
6,518.2735967458561,6.652
6,516.3175747520197,6.664
6,514.4058110105844,6.676
6,512.5389918132205,6.688
6,510.7168859987407,6.7
6,508.9385979147075,6.712
6,507.2028969125619,6.724
6,505.50862444105576,6.736
6,503.8552679154638,6.748
6,502.24334497950895,6.76
6,500.6745696497053,6.772
6,499.1518906563961,6.784
6,497.67946471604296,6.796
6,496.2625419558672,6.808
6,494.9072476008092,6.82
6,493.62056301972984,6.832
6,492.41011117992383,6.844
6,491.2837087951347,6.856
6,490.24893043423657,6.868
6,489.3127954095518,6.88
6,488.48165599181465,6.892
6,487.76132667493596,6.904
6,487.15703457766267,6.916
6,486.6732518731857,6.928
6,486.31345281569304,6.94
6,486.07981410345025,6.952
6,485.97285566944385,6.964
6,485.99100855744683,6.976
6,486.13022823080684,6.988
6,486.3839617468286,7.0
6,486.7432976379195,7.012
6,487.1970936057996,7.024
6,487.73201906774324,7.036
6,488.33254237597026,7.048
6,488.98108111721035,7.06
6,489.6583672732317,7.072
6,490.3439181656178,7.084
6,491.01657225895394,7.096
6,491.65500132585794,7.108
6,492.2385732470473,7.12
6,492.7485603082808,7.132
6,493.16919766369426,7.144
6,493.488478050054,7.156
6,493.69867232504106,7.168
6,493.79641691773804,7.18
6,493.7822980371239,7.192
6,493.66008857063827,7.204
6,493.4359732999485,7.216
6,493.1176659249382,7.228
6,492.713018019481,7.24
6,492.2289688492767,7.252
6,491.67153305932897,7.264
6,491.04632303688413,7.276
6,490.3589491681702,7.288
6,489.61516861575313,7.3
6,488.82098193940243,7.312
6,487.982764527692,7.324
6,487.10766360912146,7.336
6,486.20433579878994,7.348
6,485.28359532063155,7.36
6,484.3587417996035,7.372
6,483.4455750522036,7.384
6,482.5622514939918,7.396
6,481.7290730381053,7.408
6,480.9680131567506,7.42
6,480.30174746274037,7.432
6,479.75248401597,7.444
7,479.3407884641439,7.456
7,479.0846668131539,7.468
7,478.99891947069585,7.48
7,479.09468516637276,7.492
7,479.3793994840839,7.504
7,479.8572130918285,7.516
7,480.52955031635975,7.528
7,481.3956933612053,7.54
7,482.453362589534,7.552
7,483.6990995923268,7.564
7,485.12856070924494,7.576
7,486.7369855902857,7.588
7,488.5196540528424,7.6
7,490.472111078202,7.612
7,492.5902575697491,7.624
7,494.8702615052427,7.636
7,497.30849815486755,7.648
7,499.9015539734805,7.66
7,502.6460506701002,7.672
7,505.5385169695582,7.684
7,508.57532201787456,7.696
7,511.75251097041684,7.708
7,515.0655641913576,7.72
7,518.5093396079492,7.732
7,522.0781224059798,7.744
7,525.7654549834391,7.756
7,529.5640561707465,7.768
7,533.4659242602725,7.78
7,537.4625928016378,7.792
7,541.5453232527544,7.804
7,545.7052161328216,7.816
7,549.9332124573721,7.828
7,554.2199846913462,7.84
7,558.5558800442302,7.852
7,562.9309592381267,7.864
7,567.3351390215913,7.876
7,571.7583815529636,7.888
7,576.190799567327,7.9
7,580.6225967881953,7.912
7,585.043988632699,7.924
7,589.4450964556615,7.936
7,593.8158001365011,7.948
7,598.1458072789793,7.96
7,602.4247177454132,7.972
7,606.6419505253028,7.984
7,610.7865083150155,7.996
7,614.8466640863846,8.008
7,618.8097998640094,8.02
7,622.662257336956,8.032
7,626.3894876269105,8.044
7,629.9765726414203,8.056
7,633.4089917164555,8.068
7,636.6733489712738,8.08
7,639.7578823890877,8.092
7,642.6528325714144,8.104
7,645.3507781747445,8.116
7,647.8469110044618,8.128
7,650.1392113325101,8.14
7,652.2285246819774,8.152
7,654.1187155947882,8.164
7,655.8169454196266,8.176
7,657.3339021988078,8.188
7,658.6838717938026,8.2
7,659.8847253035754,8.212
7,660.9577162310618,8.224
7,661.9269607190602,8.236
7,662.8187593788151,8.248
7,663.6608619344535,8.26
7,664.4816039130685,8.272
7,665.3088252833551,8.284
7,666.1689761356441,8.296
7,667.086561458012,8.308
7,668.083432963861,8.32
7,669.1779849855516,8.332
7,670.3845608310613,8.344
7,671.7131307577641,8.356
7,673.1692062233208,8.368
7,674.7539284257098,8.38
7,676.4645029726688,8.392
7,678.2948686606145,8.404
7,680.2363565551001,8.416
7,682.2781577169477,8.428
7,684.4079011992038,8.44
7,686.6124482412864,8.452
7,688.878167440815,8.464
7,691.1909087323563,8.476
7,693.5362074599764,8.488
7,695.8996596354095,8.5
7,698.2673767779665,8.512
7,700.6262250560139,8.524
7,702.9636812548781,8.536
7,705.2675373444986,8.548
7,707.5255560077021,8.56
7,709.7251006402444,8.572
7,711.8527011204458,8.584
7,713.8936900728238,8.596
7,715.8319786062592,8.608
7,717.6500429058107,8.62
7,719.32931029219,8.632
7,720.8508299575484,8.644
8,722.1960180133741,8.656
8,723.3472381870272,8.668
8,724.2882155645451,8.68
8,725.0043315178891,8.692
8,725.4827486964801,8.704
8,725.7123927396495,8.716
8,725.68398689474,8.728
8,725.3900842762779,8.74
8,724.8251210532687,8.752
8,723.9854377380099,8.764
8,722.8692217458863,8.776
8,721.4763588707268,8.788
8,719.8082289761795,8.8
8,717.8673903372296,8.812
8,715.6572887541747,8.824
8,713.1822004163985,8.836
8,710.4472041929711,8.848
8,707.4580595100086,8.86
8,704.2214214490565,8.872
8,700.7450318056603,8.884
8,697.037535521682,8.896
8,693.1082548490157,8.908
8,688.9671478390205,8.92
8,684.6248891859981,8.932
8,680.0929787928951,8.944
8,675.3838708359594,8.956
8,670.5109579722138,8.968
8,665.4884873958631,8.98
8,660.3314138690245,8.992
8,655.0552305010904,9.004
8,649.6758226263308,9.016
8,644.2094171586281,9.028
8,638.6725096982381,9.04
8,633.0815099751454,9.052
8,627.4522612478041,9.064
8,621.7995882504235,9.076
8,616.1369392761911,9.088
8,610.4763539174596,9.1
8,604.8285800750845,9.112
8,599.2031433922236,9.124
8,593.608267873811,9.136
8,588.0507312789273,9.148
8,582.5357308968445,9.16
8,577.0669878094756,9.172
8,571.6471150611226,9.184
8,566.2782008124702,9.196
8,560.9625178941227,9.208
8,555.7031774197294,9.22
8,550.5046047658308,9.232
8,545.3727216512364,9.244
8,540.3147582414318,9.256
8,535.3387430022331,9.268
8,530.4530185656922,9.28
8,525.6659253233767,9.292
8,520.985481449176,9.304
8,516.4191295975035,9.316
8,511.97351391489275,9.328
8,507.6543121507434,9.34
8,503.4661467547774,9.352
8,499.4123331988045,9.364
8,495.49432842473027,9.376
8,491.71109761314847,9.388
8,488.05841499338317,9.4
8,484.52811429037683,9.412
8,481.10770601706423,9.424
8,477.7807264060367,9.436
8,474.5274806145577,9.448
8,471.325890586273,9.46
8,468.152529697554,9.472
8,464.9838961381858,9.484
8,461.79752129386867,9.496
8,458.57261686210484,9.508
8,455.29066663129163,9.52
8,451.93596893785985,9.532
8,448.49605054535687,9.544
8,444.9619148477543,9.556
8,441.3281406181114,9.568
8,437.59289252188483,9.58
8,433.75769751926816,9.592
8,429.8271254471983,9.604
8,425.80850639240714,9.616
8,421.71187328368575,9.628
8,417.55000256237065,9.64
8,413.3377389740157,9.652
8,409.09130170805196,9.664
8,404.8277594673062,9.676
8,400.5642082027727,9.688
8,396.31690137845203,9.7
8,392.1004945924253,9.712
8,387.9276644710583,9.724
8,383.8093096834129,9.736
8,379.75482592078595,9.748
8,375.7723412458811,9.76
8,371.8691203570531,9.772
8,368.05221090992706,9.784
8,364.3291076768984,9.796
8,360.7082539525539,9.808
8,357.1992580622201,9.82
8,353.8127727076441,9.832
8,350.56006760558716,9.844
9,347.45243747728745,9.856
9,344.50076119915866,9.868
9,341.7152056739445,9.88
9,339.1050022629308,9.892
9,336.6782336352699,9.904
9,334.4416013367201,9.916
9,332.4002019665894,9.928
9,330.5573675538043,9.94
9,328.91438983619025,9.952
9,327.4703724287483,9.964
9,326.2222822530885,9.976
9,325.1651341707588,9.988
9,324.29225876230885,10.0
9,323.5957123735665,10.012
9,323.06676817700657,10.024
9,322.69632827762183,10.036
9,322.47525780403174,10.048
9,322.39461619674967,10.06
9,322.445459141697,10.072
9,322.61847354692213,10.084
9,322.90383473703497,10.096
9,323.2911341225724,10.108
9,323.7694080442228,10.12
9,324.32720521385266,10.132
9,324.9525928242136,10.144
9,325.63335151641627,10.156
9,326.35724480603375,10.168
9,327.1122393834577,10.18
9,327.8868062301734,10.192
9,328.6702060834811,10.204
9,329.45263748771606,10.216
9,330.2253332292782,10.228
9,330.9806510200904,10.24
9,331.712286629681,10.252
9,332.41558850222214,10.264
9,333.0877716364405,10.276
9,333.72788834865867,10.288
9,334.33650563230225,10.3
9,334.9153393100666,10.312
9,335.4669769432802,10.324
9,335.99478170324994,10.336
9,336.50282549921366,10.348
9,336.99574553647517,10.36
9,337.4783922107056,10.372
9,337.9553991424962,10.384
9,338.4307509380818,10.396
9,338.9073951890439,10.408
9,339.3869479463887,10.42
9,339.86958405642434,10.432
9,340.35409693424214,10.444
9,340.8380340481216,10.456
9,341.3179206820472,10.468
9,341.78948325171444,10.48
9,342.24776421402953,10.492
9,342.6872336355336,10.504
9,343.101920265218,10.516
9,343.48559873854725,10.528
9,343.83193998588894,10.54
9,344.13455770799686,10.552
9,344.3871083044617,10.564
9,344.58356803717214,10.576
9,344.7186410815304,10.588
9,344.78821126858367,10.6
9,344.78973255234473,10.612
9,344.72249778799505,10.624
9,344.5876644520002,10.636
9,344.388067286791,10.648
9,344.1279227020394,10.66
9,343.81241856763495,10.672
9,343.4472488966695,10.684
9,343.0382168589994,10.696
9,342.59104616777324,10.708
9,342.11126705386306,10.72
9,341.6040761984643,10.732
9,341.0741423710785,10.744
9,340.5254571619429,10.756
9,339.9612808104308,10.768
9,339.3841310935379,10.78
9,338.795836520979,10.792
9,338.19751397565085,10.804
9,337.589547616094,10.816
9,336.9714944356137,10.828
9,336.34191749076524,10.84
9,335.69868177952833,10.852
9,335.0393699851559,10.864
9,334.36161160969573,10.876
9,333.663515833561,10.888
9,332.94405427842355,10.9
9,332.203325844703,10.912
9,331.44262254717415,10.924
9,330.6640672456591,10.936
9,329.8702867468581,10.948
9,329.06422498620407,10.96
9,328.24877248867665,10.972
9,327.426169384628,10.984
9,326.5974227528986,10.996
9,325.76185130234535,11.008
9,324.9169016074361,11.02
9,324.05818688419254,11.032
9,323.1797265885796,11.044
10,322.2743233724556,11.056
10,321.3339031473504,11.068
10,320.3499338267287,11.08
10,319.31391861557364,11.092
10,318.21791243387736,11.104
10,317.0549968535063,11.116
10,315.8196502069999,11.128
10,314.5080661048354,11.14
10,313.1185086711552,11.152
10,311.6516015892083,11.164
10,310.11048241234266,11.176
10,308.50079166031696,11.188
10,306.83062259974054,11.2
10,305.1103463149331,11.212
10,303.35209204142666,11.224
10,301.56901493152674,11.236
10,299.77459132539684,11.248
10,297.98203841467074,11.26
10,296.203990943484,11.272
10,294.45241919260565,11.284
10,292.7386385900214,11.296
10,291.0733772968986,11.308
10,289.46650679101975,11.32
10,287.9266110603578,11.332
10,286.46080110459195,11.344
10,285.07455596015996,11.356
10,283.77164545478746,11.368
10,282.55415919494715,11.38
10,281.42252463134986,11.392
10,280.3756469778449,11.404
10,279.41127221724287,11.416
10,278.52640649323337,11.428
10,277.71761963356903,11.44
10,276.9811853376028,11.452
10,276.3129492183745,11.464
10,275.7082243881807,11.476
10,275.16190950413176,11.488
10,274.668672288484,11.5
10,274.22302463592894,11.512
10,273.8193052123213,11.524
10,273.45158431944884,11.536
10,273.11366847205585,11.548
10,272.7992301104661,11.56
10,272.50202385216494,11.572
10,272.21614109246303,11.584
10,271.9363404878207,11.596
10,271.65835275688966,11.608
10,271.37903176308964,11.62
10,271.09635951493993,11.632
10,270.8093189782814,11.644
10,270.5178331886466,11.656
10,270.2227607283185,11.668
10,269.9258263167752,11.68
10,269.6295315453328,11.692
10,269.33697585094524,11.704
10,269.05161949410825,11.716
10,268.77704074319945,11.728
10,268.5168649697331,11.74
10,268.2748906600737,11.752
10,268.0552434391562,11.764
10,267.8624732480875,11.776
10,267.7015700806003,11.788
10,267.57798617642436,11.8
10,267.4978308351197,11.812
10,267.4679443028144,11.824
10,267.4956034486236,11.836
10,267.5883004133856,11.848
10,267.7535980745481,11.86
10,267.9988564718404,11.872
10,268.3309162743475,11.884
10,268.7558218041884,11.896
10,269.2785977520302,11.908
10,269.9030355175369,11.92
10,270.6315275256557,11.932
10,271.46497693164434,11.944
10,272.40273593374445,11.956
10,273.4425392332106,11.968
10,274.58048210656744,11.98
10,275.81109168302214,11.992
10,277.1275719897546,12.004
10,278.52204233335624,12.016
10,279.98574900306164,12.028
10,281.5092661970217,12.04
10,283.0826160873937,12.052
10,284.69535269411534,12.064
10,286.336658056561,12.076
10,287.9955161893779,12.088
10,289.66097358062814,12.1
10,291.3223531387523,12.112
10,292.96949879747814,12.124
10,294.5931442942577,12.136
10,296.18510869833835,12.148
10,297.73841412313305,12.16
10,299.2475535879333,12.172
10,300.70888545310487,12.184
10,302.12089402755805,12.196
10,303.4842936739878,12.208
10,304.8019921456484,12.22
10,306.07902970811034,12.232
10,307.32241162909537,12.244
11,308.54076507926334,12.256
11,309.74388006014556,12.268
11,310.94209042880846,12.28
11,312.1456437204831,12.292
11,313.36410647721993,12.304
11,314.60584041264525,12.316
11,315.8776034299413,12.328
11,317.18417078731335,12.34
11,318.52808191949686,12.352
11,319.90953991589,12.364
11,321.32631816661734,12.376
11,322.77360953475375,12.388
11,324.2438339612583,12.4
11,325.72651197998243,12.412
11,327.20860476547176,12.424
11,328.67520629079485,12.436
11,330.1102405416934,12.448
11,331.4972518537225,12.46
11,332.8201805302946,12.472
11,334.06396029046306,12.484
11,335.21505727563056,12.496
11,336.2619138627209,12.508
11,337.195446505121,12.52
11,338.0095068284731,12.532
11,338.7010614621233,12.544
11,339.270156270594,12.556
11,339.7197010707159,12.568
11,340.05509172653376,12.58
11,340.2837498010401,12.592
11,340.4145830052304,12.604
11,340.4573614926817,12.616
11,340.42198780188625,12.628
11,340.3179245438906,12.64
11,340.1538598686388,12.652
11,339.9376505182707,12.664
11,339.6762906597381,12.676
11,339.37583795909427,12.688
11,339.0414825672872,12.7
11,338.67775503788243,12.712
11,338.2887864637601,12.724
11,337.8785832536128,12.736
11,337.4512395171998,12.748
11,337.0110229913383,12.76
11,336.5624507016683,12.772
11,336.1103024618554,12.784
11,335.6593925269743,12.796
11,335.21427329399364,12.808
11,334.77906392635873,12.82
11,334.3573203235892,12.832
11,333.95202451110987,12.844
11,333.56560571191676,12.856
11,333.19989524457736,12.868
11,332.85599518326194,12.88
11,332.5341953684371,12.892
11,332.2340533917599,12.904
11,331.9545362286742,12.916
11,331.69408829120454,12.928
11,331.45043706311935,12.94
11,331.2202022319966,12.952
11,330.9985300822703,12.964
11,330.7788609912872,12.976
11,330.5528136970809,12.988
11,330.31018928341206,13.0
11,330.03899129627,13.012
11,329.72561825011195,13.024
11,329.35547073097473,13.036
11,328.91356673868574,13.048
11,328.38507648749953,13.06
11,327.7560618197935,13.072
11,327.0142206235133,13.084
11,326.14949123912794,13.096
11,325.1545028159123,13.108
11,324.02478298291135,13.12
11,322.75879017267806,13.132
11,321.35785569941345,13.144
11,319.8260503522821,13.156
11,318.1699960307522,13.168
11,316.3986263574421,13.18
11,314.5229188587314,13.192
11,312.5556390360875,13.204
11,310.5111486787011,13.216
11,308.4052313829947,13.228
11,306.2548805210655,13.24
11,304.07803632865296,13.252
11,301.89335625655565,13.264
11,299.7200209499723,13.276
11,297.5774087209387,13.288
11,295.48462010488623,13.3
11,293.4601750626139,13.312
11,291.5218348506715,13.324
11,289.6864755381561,13.336
11,287.9701130246223,13.348
11,286.38785360660705,13.36
11,284.95381344807066,13.372
11,283.6810541977454,13.384
11,282.58160850209345,13.396
11,281.6665227088377,13.408
11,280.9456966394629,13.42
11,280.4274857596252,13.432
11,280.1182749682302,13.444
12,280.0221198019687,13.456
12,280.1406002111974,13.468
12,280.4729955213986,13.48
12,281.01644499864597,13.492
12,281.7661212232328,13.504
12,282.71552312262963,13.516
12,283.8567641196885,13.528
12,285.1808657390169,13.54
12,286.6779976685311,13.552
12,288.33752860219244,13.564
12,290.1482987506632,13.576
12,292.09925891377134,13.588
12,294.18015270540167,13.6
12,296.3820654059501,13.612
12,298.6976198413379,13.624
12,301.12100486488345,13.636
12,303.6480336797782,13.648
12,306.27604629594384,13.66
12,309.0036868811534,13.672
12,311.83046540183744,13.684
12,314.7560983610951,13.696
12,317.77985441533053,13.708
12,320.8999922015671,13.72
12,324.11330659609365,13.732
12,327.41479891046964,13.744
12,330.7975925577979,13.756
12,334.2531371614625,13.768
12,337.77168413834136,13.78
12,341.342882938904,13.792
12,344.9562802398635,13.804
12,348.601694110628,13.816
12,352.26957829186443,13.828
12,355.9512983275474,13.84
12,359.6393207098619,13.852
12,363.3273703375403,13.864
12,367.01069736885967,13.876
12,370.6864514749372,13.888
12,374.3537867822465,13.9
12,378.01390893935036,13.912
12,381.6701157002171,13.924
12,385.3277826736243,13.936
12,388.9941804240352,13.948
12,392.67816328276547,13.96
12,396.3895686279514,13.972
12,400.1385488226092,13.984
12,403.93527832105366,13.996
12,407.78969855230355,14.008
12,411.7110712978741,14.02
12,415.70756252812066,14.032
12,419.7857846788128,14.044
12,423.95039987651387,14.056
12,428.2038530241517,14.068
12,432.5463773970519,14.08
12,436.97610667373175,14.092
12,441.4892474904461,14.104
12,446.08042680728323,14.116
12,450.7432689659549,14.128
12,455.47115128218064,14.14
12,460.2579809206821,14.152
12,465.09890698848153,14.164
12,469.99086806929455,14.176
12,474.93290026972716,14.188
12,479.92622071512164,14.2
12,484.9741183119669,14.212
12,490.0817563781527,14.224
12,495.2558144716408,14.236
12,500.5038980029208,14.248
12,505.8338677764971,14.26
12,511.2531187905932,14.272
12,516.7679586109953,14.284
12,522.3830873215285,14.296
12,528.1011315721516,14.308
12,533.922444069781,14.32
12,539.8451228004029,14.332
12,545.8651912002014,14.344
12,551.9768760954308,14.356
12,558.1728595350975,14.368
12,564.44447523431,14.38
12,570.7818681555273,14.392
12,577.1740707811504,14.404
12,583.6089331162855,14.416
12,590.0730475806307,14.428
12,596.551868391547,14.44
12,603.0299214456397,14.452
12,609.4909153112185,14.464
12,615.9177548177805,14.476
12,622.292605500577,14.488
12,628.5971780001612,14.5
12,634.8129263482309,14.512
12,640.9210823329778,14.524
12,646.9026018674952,14.536
12,652.7379767651247,14.548
12,658.4071425244796,14.56
12,663.8893198954559,14.572
12,669.1628015261089,14.584
12,674.2048253732427,14.596
12,678.9916783302026,14.608
12,683.4992770822635,14.62
12,687.7041814145226,14.632
12,691.5848053560838,14.644
13,695.122778889164,14.656
13,698.3040710623116,14.668
13,701.1195015189493,14.68
13,703.5650439409865,14.692
13,705.6419718034308,14.704
13,707.3566917759778,14.716
13,708.7203424767425,14.728
13,709.7482727686536,14.74
13,710.4594572798467,14.752
13,710.8760610384476,14.764
13,711.0225739096952,14.776
13,710.9244949651425,14.788
13,710.6071466892026,14.8
13,710.0948741697338,14.812
13,709.410699612945,14.824
13,708.5761495715486,14.836
13,707.6110967858026,14.848
13,706.5336747671001,14.86
13,705.3603362761605,14.872
13,704.1064324603299,14.884
13,702.787020435255,14.896
13,701.4176014542346,14.908
13,700.0145927482151,14.92
13,698.5956151640522,14.932
13,697.1796747229139,14.944
13,695.7870029902189,14.956
13,694.4383570564623,14.968
13,693.153921415174,14.98
13,691.952183366247,14.992
13,690.8490045840921,15.004
13,689.8569018726234,15.016
13,688.9845176052683,15.028
13,688.2362979994089,15.04
13,687.6123981405253,15.052
13,687.1087319831876,15.064
13,686.7169860413402,15.076
13,686.4245209788904,15.088
13,686.2146231320528,15.1
13,686.0668694207633,15.112
13,685.9575102227278,15.124
13,685.8600556094406,15.136
13,685.746082609827,15.148
13,685.5861829074101,15.16
13,685.3512397016448,15.172
13,685.013661225603,15.184
13,684.5479829988806,15.196
13,683.931297314237,15.208
13,683.1438906019766,15.22
13,682.1698805174656,15.232
13,680.9977567595939,15.244
13,679.620656359054,15.256
13,678.0365009152512,15.268
13,676.2480219715269,15.28
13,674.2626996951162,15.292
13,672.0924008422223,15.304
13,669.7525964940138,15.316
13,667.261259887564,15.328
13,664.6377079817852,15.34
13,661.901604320677,15.352
13,659.0719931656934,15.364
13,656.1664320668348,15.376
13,653.2004173554449,15.388
13,650.1869680905186,15.4
13,647.1364250505421,15.412
13,644.0563495884317,15.424
13,640.9514984730962,15.436
13,637.8241173743492,15.448
13,634.6745148153785,15.46
13,631.5016520581092,15.472
13,628.3036695187598,15.484
13,625.078379686308,15.496
13,621.8237518184036,15.508
13,618.5382931734146,15.52
13,615.2213322171858,15.532
13,611.8731399546059,15.544
13,608.4949738554008,15.556
13,605.0891267303148,15.568
13,601.6588819862257,15.58
13,598.208256493324,15.592
13,594.7416343078319,15.604
13,591.263548238134,15.616
13,587.7784443551803,15.628
13,584.2902797687775,15.64
13,580.8022504200206,15.652
13,577.3167329968186,15.664
13,573.8354102635273,15.676
13,570.3595819746423,15.688
13,566.890412257963,15.7
13,563.4291385967733,15.712
13,559.9773977860076,15.724
13,556.5376071473003,15.736
13,553.1134022157727,15.748
13,549.7099877466095,15.76
13,546.334474054136,15.772
13,542.9961898294048,15.784
13,539.7068197742284,15.796
13,536.480224494114,15.808
13,533.3319146187092,15.82
13,530.2781801267836,15.832
13,527.3349148798299,15.844
14,524.5163937131413,15.856
14,521.8342342552021,15.868
14,519.296756376718,15.88
14,516.908611320922,15.892
14,514.6705540161627,15.904
14,512.5794652817134,15.916
14,510.6287041107822,15.928
14,508.80865890009346,15.94
14,507.10742495610367,15.952
14,505.51144469710755,15.964
14,504.0063937876709,15.976
14,502.5782426665932,15.988
14,501.21409204904234,16.0
14,499.90260639840477,16.012
14,498.63398410155753,16.024
14,497.3996126837383,16.036
14,496.191561876017,16.048
14,495.0020168660905,16.06
14,493.8225710197049,16.072
14,492.6432752095739,16.084
14,491.45176363158515,16.096
14,490.23258359162435,16.108
14,488.96707394663224,16.12
14,487.6336201031823,16.132
14,486.20812767914515,16.144
14,484.6648138582188,16.156
14,482.97751681631246,16.168
14,481.1212563548569,16.18
14,479.073617394754,16.192
14,476.81600214233015,16.204
14,474.33477910116466,16.216
14,471.622234762256,16.228
14,468.67716430830546,16.24
14,465.5049809332678,16.252
14,462.11746508524595,16.264
14,458.5323248850243,16.276
14,454.77260893883107,16.288
14,450.865748206558,16.3
14,446.84238868642205,16.312
14,442.7352504419181,16.324
14,438.5778432758726,16.336
14,434.4032174039798,16.348
14,430.2428494325828,16.36
14,426.1256325186222,16.372
14,422.0770890864158,16.384
14,418.11906252049124,16.396
14,414.2697326627829,16.408
14,410.54363566701005,16.42
14,406.95169348878966,16.432
14,403.50140397417306,16.444
14,400.19724778518935,16.456
14,397.0410741179667,16.468
14,394.032304576312,16.48
14,391.16779980942505,16.492
14,388.44176269729854,16.504
14,385.84598992993483,16.516
14,383.3703154196314,16.528
14,381.0030737965839,16.54
14,378.7314942520063,16.552
14,376.5422458174597,16.564
14,374.42197688321176,16.576
14,372.35776213918217,16.588
14,370.3376769963983,16.6
14,368.35137264426083,16.612
14,366.39046197452376,16.624
14,364.4486804940277,16.636
14,362.5218792663859,16.648
14,360.607949921457,16.66
14,358.7066301081258,16.672
14,356.81911688692975,16.684
14,354.94762173220994,16.696
14,353.09492796823497,16.708
14,351.2640628658872,16.72
14,349.45806388881437,16.732
14,347.6797803297845,16.744
14,345.9315438561654,16.756
14,344.21477134001003,16.768
14,342.5297610460782,16.78
14,340.8757703247843,16.792
14,339.2511925974055,16.804
14,337.65362386888364,16.816
14,336.0800859631778,16.828
14,334.52745607112,16.84
14,332.99276438818106,16.852
14,331.4733953361506,16.864
14,329.9672522064268,16.876
14,328.47286335880864,16.888
14,326.98951959666516,16.9
14,325.5174599406669,16.912
14,324.05792865002604,16.924
14,322.6131440519246,16.936
14,321.1862354692425,16.948
14,319.7811303601233,16.96
14,318.4022997645476,16.972
14,317.05447776283046,16.984
14,315.7424587992425,16.996
14,314.47109030422706,17.008
14,313.2452684651929,17.02
14,312.06995413985646,17.032
14,310.9503472446117,17.044
15,309.8918261714494,17.056
15,308.8997131258306,17.068
15,307.97905715776125,17.08
15,307.1344126773246,17.092
15,306.36969425574,17.104
15,305.6880578472873,17.116
15,305.0917245321735,17.128
15,304.5818240209989,17.14
15,304.15825230669685,17.152
15,303.8195865999513,17.164
15,303.5630836708875,17.176
15,303.38476288112963,17.188
15,303.2796129221146,17.2
15,303.2419123995048,17.212
15,303.2656882799696,17.224
15,303.34515022060776,17.236
15,303.47507668902057,17.248
15,303.65120789122267,17.26
15,303.870729801667,17.272
15,304.13271015542773,17.284
15,304.43842636221166,17.296
15,304.79166582353815,17.308
15,305.19868796764973,17.32
15,305.6678481733465,17.332
15,306.2090241597668,17.344
15,306.8329449796776,17.356
15,307.550375306883,17.368
15,308.3712749351691,17.38
15,309.30409743298804,17.392
15,310.3551512460708,17.404
15,311.5280531887617,17.416
15,312.82332154790623,17.428
15,314.23821555064313,17.44
15,315.7668630319875,17.452
15,317.40043966474616,17.464
15,319.12742299528804,17.476
15,320.9340806361188,17.488
15,322.80519861284756,17.5
15,324.72488797823263,17.512
15,326.6773116869278,17.524
15,328.64734453425535,17.536
15,330.6210332949854,17.548
15,332.58595145580244,17.56
15,334.53144091074483,17.572
15,336.4487718224557,17.584
15,338.33127509958854,17.596
15,340.1743202773313,17.608
15,341.9750798806631,17.62
15,343.7321447174406,17.632
15,345.44506960477446,17.644
15,347.11400866118146,17.656
15,348.73954532323614,17.668
15,350.32263515375183,17.68
15,351.8649202278604,17.692
15,353.36930526928586,17.704
15,354.8403060434346,17.716
15,356.28411654439697,17.728
15,357.70848545504083,17.74
15,359.1224749774984,17.752
15,360.53601028593306,17.764
15,361.9594561812038,17.776
15,363.4031925329591,17.788
15,364.8769714884527,17.8
15,366.3890811908958,17.812
15,367.94580142677404,17.824
15,369.551267899156,17.836
15,371.20741841685333,17.848
15,372.9137739227011,17.86
15,374.66739802626404,17.872
15,376.4631119850326,17.884
15,378.29380917348504,17.896
15,380.1509738011994,17.908
15,382.0250992852547,17.92
15,383.90585673868947,17.932
15,385.7822694356963,17.944
15,387.64314236160664,17.956
15,389.4776168666047,17.968
15,391.27579796464244,17.98
15,393.02933387112915,17.992
15,394.7318606583095,18.004
15,396.37947636071976,18.016
15,397.9711819157934,18.028
15,399.5090936026537,18.04
15,400.99844713036697,18.052
15,402.44727586757864,18.064
15,403.8658128342911,18.076
15,405.2658311725085,18.088
15,406.65991341046976,18.1
15,408.0605521843564,18.112
15,409.4792461189269,18.124
15,410.9256188233614,18.136
15,412.4066098982872,18.148
15,413.9259771659445,18.16
15,415.4842045069919,18.172
15,417.0784978501941,18.184
15,418.7028053548732,18.196
15,420.347881805622,18.208
15,422.00166295055857,18.22
15,423.64992584222034,18.232
15,425.2770179021525,18.244
16,426.86687717677427,18.256
16,428.40441089202443,18.268
16,429.8767133964821,18.28
16,431.27394969368896,18.292
16,432.58984323569524,18.304
16,433.82188937553593,18.316
16,434.97146191641434,18.328
16,436.04369147522624,18.34
16,437.04706669185236,18.352
16,437.99278236862,18.364
16,438.8939899764469,18.376
16,439.7649754863536,18.388
16,440.620336413016,18.4
16,441.47422045861725,18.412
16,442.33957310845227,18.424
16,443.22770677453576,18.436
16,444.14814440060223,18.448
16,445.10854771346106,18.46
16,446.1147276801791,18.472
16,447.1708713334534,18.484
16,448.2797914769124,18.496
16,449.44306812554055,18.508
16,450.661344388064,18.52
16,451.93473640788244,18.532
16,453.2632072801029,18.544
16,454.646822730601,18.556
16,456.08592621894525,18.568
16,457.5813135770246,18.58
16,459.13440316938295,18.592
16,460.7473623461931,18.604
16,462.423101647917,18.616
16,464.16517380096576,18.628
16,465.97767581941514,18.64
16,467.86520874096436,18.652
16,469.8330022003253,18.664
16,471.8870341745917,18.676
16,474.03392087782566,18.688
16,476.2806008193897,18.7
16,478.63389304239814,18.712
16,481.09997211637943,18.724
16,483.68388707379364,18.736
16,486.38917934008975,18.748
16,489.2174684714236,18.76
16,492.1680514228781,18.772
16,495.237570623561,18.784
16,498.41967366384415,18.796
16,501.70478902354995,18.808
16,505.0802495819254,18.82
16,508.5307579256571,18.832
16,512.0389847883125,18.844
16,515.5860670907356,18.856
16,519.1519871461765,18.868
16,522.7159164653722,18.88
16,526.256491965791,18.892
16,529.7519454707192,18.904
16,533.1803510129064,18.916
16,536.5202127736881,18.928
16,539.751308384981,18.94
16,542.8554608762138,18.952
16,545.8171853018029,18.964
16,548.6240981266914,18.976
16,551.2669969031227,18.988
16,553.7399795693459,19.0
16,556.0406980590654,19.012
16,558.17030586663,19.024
16,560.1330615011977,19.036
16,561.9359451231704,19.048
16,563.588529157399,19.06
16,565.1027784910215,19.072
16,566.4927824255798,19.084
16,567.7745609856208,19.096
16,568.9655787302602,19.108
16,570.0841463514708,19.12
16,571.1489457781429,19.132
16,572.1787701475353,19.144
16,573.1920009448127,19.156
16,574.2060316656415,19.168
16,575.2366347323274,19.18
16,576.2973398152429,19.192
16,577.3989791300246,19.204
16,578.5491905268862,19.216
16,579.7518224663846,19.228
16,581.006517639316,19.24
16,582.308607925999,19.252
16,583.6495472235732,19.264
16,585.017814190004,19.276
16,586.3997356716563,19.288
16,587.7801930767278,19.3
16,589.1435341911689,19.312
16,590.4746048241997,19.324
16,591.7598902770688,19.336
16,592.9885362700962,19.348
16,594.1528888850002,19.36
16,595.2487021244057,19.372
16,596.2752724974254,19.384
16,597.2355474623516,19.396
16,598.1360850872352,19.408
16,598.9866030319474,19.42
16,599.7992300270627,19.432
16,600.5876804171132,19.444
17,601.3662702534139,19.456
17,602.148468452601,19.468
17,602.9455234353419,19.48
17,603.7654951695573,19.492
17,604.6128099927234,19.504
17,605.4881421183609,19.516
17,606.3882912830379,19.528
17,607.3062714230657,19.54
17,608.2317583609763,19.552
17,609.1518582133862,19.564
17,610.0518494181746,19.576
17,610.915921918501,19.588
17,611.7278759954932,19.6
17,612.4717872982852,19.612
17,613.1326756661362,19.624
17,613.6969367763421,19.636
17,614.1527929851217,19.648
17,614.4907557826373,19.66
17,614.7038837839505,19.672
17,614.7877320780801,19.684
17,614.7401561410281,19.696
17,614.5609860093401,19.708
17,614.2514181726197,19.72
17,613.8134121276587,19.732
17,613.2492485129899,19.744
17,612.5612036853622,19.756
17,611.7513216120583,19.768
17,610.8212814273638,19.78
17,609.7723051671245,19.792
17,608.6050392511473,19.804
17,607.3194652151668,19.816
17,605.9148047537103,19.828
17,604.3893035468318,19.84
17,602.7399624475318,19.852
17,600.9622381439269,19.864
17,599.0498348411796,19.876
17,596.994669116232,19.888
17,594.7870542963587,19.9
17,592.4162141587226,19.912
17,589.8710716215136,19.924
17,587.141085643246,19.936
17,584.2171099126359,19.948
17,581.0923579686429,19.96
17,577.763233985051,19.972
17,574.2299865088764,19.984
17,570.4972033452166,19.996
17,566.5741014858252,20.008
17,562.4744677738397,20.02
17,558.216242950857,20.032
17,553.820915657773,20.044
17,549.3127329928374,20.056
17,544.7177116737116,20.068
17,540.0627189288429,20.08
17,535.3746136064279,20.092
17,530.6794111899037,20.104
17,526.0015349131298,20.116
17,521.3629719240911,20.128
17,516.7822421934968,20.14
17,512.2737518038435,20.152
17,507.8475547023564,20.164
17,503.50945265875777,20.176
17,499.26163611311296,20.188
17,495.10327636348177,20.2
17,491.03100629723065,20.212
17,487.03956887631847,20.224
17,483.1225705753662,20.236
17,479.2730725510679,20.248
17,475.48378616042993,20.26
17,471.7471593709598,20.272
17,468.05549914443066,20.284
17,464.40089224032715,20.296
17,460.77510989892147,20.308
17,457.16965413278166,20.32
17,453.5759950882643,20.332
17,449.9854043852929,20.344
17,446.38911279639245,20.356
17,442.7787000636026,20.368
17,439.14636731228717,20.38
17,435.4851873386575,20.392
17,431.78940590643606,20.404
17,428.05489974301065,20.416
17,424.27964106084556,20.428
17,420.4640231050681,20.44
17,416.611007537938,20.452
17,412.7259400667757,20.464
17,408.81597376516265,20.476
17,404.88955145160827,20.488
17,400.95604678664824,20.5
17,397.02531064210837,20.512
17,393.1071822294289,20.524
17,389.21081060026165,20.536
17,385.34405537852143,20.548
17,381.5132353362998,20.56
17,377.7229773211462,20.572
17,373.9760314671012,20.584
17,370.27302477488956,20.596
17,366.61230417731275,20.608
17,362.99005328107967,20.62
17,359.40053467607447,20.632
17,355.83637476581146,20.644
18,352.2889603504573,20.656
18,348.74916720317884,20.668
18,345.20819412137945,20.68
18,341.658203007203,20.692
18,338.09271411138997,20.704
18,334.5068717598318,20.716
18,330.89774722868873,20.728
18,327.2645302196762,20.74
18,323.60858562426677,20.752
18,319.9333759328522,20.764
18,316.24437707353366,20.776
18,312.5489905600845,20.788
18,308.85641556006715,20.8
18,305.17740816499133,20.812
18,301.52399932354206,20.824
18,297.9092437215825,20.836
18,294.3466253679141,20.848
18,290.84920668149033,20.86
18,287.4287766285459,20.872
18,284.09513792722504,20.884
18,280.85559731455476,20.896
18,277.7147518249542,20.908
18,274.674631237668,20.92
18,271.73499998517366,20.932
18,268.8937495277887,20.944
18,266.14734983432237,20.956
18,263.4912746396795,20.968
18,260.9202302755005,20.98
18,258.42831445388094,20.992
18,256.00924664701876,21.004
18,253.6566444448196,21.016
18,251.36437846740623,21.028
18,249.12705320243919,21.04
18,246.94041721101144,21.052
18,244.80175585473148,21.064
18,242.71021465071593,21.076
18,240.6670105990437,21.088
18,238.67544790247334,21.1
18,236.7406174631589,21.112
18,234.868815364156,21.124
18,233.06690256634616,21.136
18,231.3416749203287,21.148
18,229.6991379174905,21.16
18,228.14393584933094,21.172
18,226.67886861917833,21.184
18,225.3045565202753,21.196
18,224.01923425506885,21.208
18,222.81880792108598,21.22
18,221.69715660981922,21.232
18,220.64647102147634,21.244
18,219.65772591974778,21.256
18,218.72134688919346,21.268
18,217.82780638030064,21.28
18,216.9681275984494,21.292
18,216.13437551469198,21.304
18,215.32002510448928,21.316
18,214.5202370978195,21.328
18,213.73221035329368,21.34
18,212.9552331451803,21.352
18,212.19053640174377,21.364
18,211.44093812098401,21.376
18,210.71024426836354,21.388
18,210.00273560831724,21.4
18,209.32270475039894,21.412
18,208.6739364229206,21.424
18,208.05919876514963,21.436
18,207.4798767696858,21.448
18,206.93589339770858,21.46
18,206.42583375843893,21.472
18,205.94713824035603,21.484
18,205.49640553382218,21.496
18,205.06987439615767,21.508
18,204.663814584182,21.52
18,204.27473430385248,21.532
18,203.89978805483145,21.544
18,203.536965059639,21.556
18,203.1850619956401,21.568
18,202.8436933437262,21.58
18,202.51316294504716,21.592
18,202.19425785754947,21.604
18,201.88799961773194,21.616
18,201.59539466872133,21.628
18,201.3172103468712,21.64
18,201.05382485916246,21.652
18,200.80515801888663,21.664
18,200.5707711878841,21.676
18,200.34994430801925,21.688
18,200.14166197881568,21.7
18,199.9446057872051,21.712
18,199.75711466182852,21.724
18,199.57727129385643,21.736
18,199.40296246158633,21.748
18,199.23184323609223,21.76
18,199.06130045619486,21.772
18,198.88860392616573,21.784
18,198.71116956291107,21.796
18,198.52676469764978,21.808
18,198.3336402784994,21.82
18,198.13065857453023,21.832
18,197.91750721784265,21.844
19,197.69482652618748,21.856
19,197.46416196105096,21.868
19,197.22777770569328,21.88
19,196.98855500436514,21.892
19,196.74988563812838,21.904
19,196.5155003527411,21.916
19,196.28928427761255,21.928
19,196.0751165952874,21.94
19,195.8766141376855,21.952
19,195.69674421985542,21.964
19,195.53740425997407,21.976
19,195.39896718283055,21.988
19,195.27987764684377,22.0
19,195.17642043246371,22.012
19,195.0825755339339,22.024
19,194.99004038324045,22.036
19,194.888491435117,22.048
19,194.76617685301363,22.06
19,194.610829924322,22.072
19,194.41063098985987,22.084
19,194.15508487207424,22.096
19,193.83573553210627,22.108
19,193.44661534781488,22.12
19,192.9844067723783,22.132
19,192.44836821229876,22.144
19,191.84014726752318,22.156
19,191.1635003449742,22.168
19,190.4240811844906,22.18
19,189.62918939669953,22.192
19,188.7875293389267,22.204
19,187.90891254226577,22.216
19,187.00384509874834,22.228
19,186.08301376521018,22.24
19,185.15674072385548,22.252
19,184.23444815497842,22.264
19,183.32417287049648,22.276
19,182.4322014508845,22.288
19,181.56290772377943,22.3
19,180.7188270840981,22.312
19,179.9009724621282,22.324
19,179.109269831632,22.336
19,178.3429702002062,22.348
19,177.60107414546223,22.36
19,176.8826624367618,22.372
19,176.18722264303278,22.384
19,175.5148391862433,22.396
19,174.86630148952187,22.408
19,174.2429638895473,22.42
19,173.64641610593466,22.432
19,173.07819558617848,22.444
19,172.5395337710351,22.456
19,172.03112480886844,22.468
19,171.5530425476096,22.48
19,171.10464566906103,22.492
19,170.68447578086062,22.504
19,170.29008963193135,22.516
19,169.91805017913444,22.528
19,169.56414368835598,22.54
19,169.22364914502566,22.552
19,168.89150120444612,22.564
19,168.5625957737763,22.576
19,168.23204501680476,22.588
19,167.89539028566685,22.6
19,167.54888118033307,22.612
19,167.1897880710124,22.624
19,166.8167161411726,22.636
19,166.4298606439373,22.648
19,166.0311431410992,22.66
19,165.62396906805705,22.672
19,165.21274676318583,22.684
19,164.80251227853316,22.696
19,164.39852870833298,22.708
19,164.006065825102,22.72
19,163.63017517669257,22.732
19,163.27538131180506,22.744
19,162.9454409730386,22.756
19,162.64320564762488,22.768
19,162.37056504965943,22.78
19,162.12860751930535,22.792
19,161.91776022329495,22.804
19,161.7378312089922,22.816
19,161.58805884171977,22.828
19,161.46712483149054,22.84
19,161.3731468734155,22.852
19,161.30370830643807,22.864
19,161.25585337261498,22.876
19,161.22613669083762,22.888
19,161.21081689663473,22.9
19,161.20608534184038,22.912
19,161.20827801544598,22.924
19,161.21412488432756,22.936
19,161.22103623244269,22.948
19,161.227357162961,22.96
19,161.2325631025906,22.972
19,161.23722841319764,22.984
19,161.242927905573,22.996
19,161.25208224297114,23.008
19,161.26774460863132,23.02
19,161.29348160250998,23.032
19,161.3331027760589,23.044
20,161.39036099806222,23.056
20,161.46873235824418,23.068
20,161.5712528457102,23.08
20,161.70026141756716,23.092
20,161.85724956646283,23.104
20,162.04277872875159,23.116
20,162.2563948401053,23.128
20,162.4965789240284,23.14
20,162.76080472329397,23.152
20,163.0458418610203,23.164
20,163.3482604552273,23.176
20,163.6649708664198,23.188
20,163.99369081461217,23.2
20,164.3332791332401,23.212
20,164.68403146642174,23.224
20,165.0477533584999,23.236
20,165.42770786107596,23.248
20,165.82840918715485,23.26
20,166.25515372001612,23.272
20,166.7135468253745,23.284
20,167.20909264612112,23.296
20,167.74674750256926,23.308
20,168.33052972433404,23.32
20,168.96329236118515,23.332
20,169.64658588597592,23.344
20,170.38064532373883,23.356
20,171.1645237047363,23.368
20,171.99620867660883,23.38
20,172.87286930694142,23.392
20,173.79106423673747,23.404
20,174.74690595020013,23.416
20,175.73633645617286,23.428
20,176.7554191248412,23.44
20,177.80063457539248,23.452
20,178.86912052899388,23.464
20,179.95882717141365,23.476
20,181.068525191945,23.488
20,182.1977316033084,23.5
20,183.34660347495287,23.512
20,184.51574515330984,23.524
20,185.70593304468548,23.536
20,186.91781900627083,23.548
20,188.15161787225952,23.56
20,189.406885597662,23.572
20,190.6823096033805,23.584
20,191.97564349163557,23.596
20,193.28371747691185,23.608
20,194.60264640691196,23.62
20,195.9282225872892,23.632
20,197.25635579431764,23.644
20,198.58346605053538,23.656
20,199.90674473955323,23.668
20,201.22414165005125,23.68
20,202.5343407088171,23.692
20,203.836763189367,23.704
20,205.1317081639798,23.716
20,206.4203662404715,23.728
20,207.70463596043285,23.74
20,208.9870729053481,23.752
20,210.27087744228416,23.764
20,211.55968895177915,23.776
20,212.8573804980552,23.788
20,214.1678763803007,23.8
20,215.49492318550614,23.812
20,216.84185396684902,23.824
20,218.2113239385479,23.836
20,219.605041974802,23.848
20,221.02354949475063,23.86
20,222.46645072900978,23.872
20,223.93273031856324,23.884
20,225.420866943599,23.896
20,226.92887076794995,23.908
20,228.454189841534,23.92
20,229.9938001808247,23.932
20,231.54454857541296,23.944
20,233.10344953855983,23.956
20,234.66780233215894,23.968
20,236.23527680565306,23.98
20,237.803882458012,23.992
20,239.37191945380178,24.004
20,240.93798178638338,24.016
20,242.50098156696492,24.028
20,244.06026100426288,24.04
20,245.61573484588777,24.052
20,247.16792212614465,24.064
20,248.7179552193814,24.076
20,250.26764209375418,24.088
20,251.81934011427424,24.1
20,253.37564526882795,24.112
20,254.93906126092105,24.124
20,256.51166101410325,24.136
20,258.0947775123024,24.148
20,259.68877029704885,24.16
20,261.29289997855307,24.172
20,262.905363522559,24.184
20,264.5234070302004,24.196
20,266.1435609178489,24.208
20,267.76196388936154,24.22
20,269.374505866493,24.232
20,270.97698048580304,24.244
21,272.56540226086986,24.256
21,274.1363657684055,24.268
21,275.6873791867991,24.28
21,277.2171938486468,24.292
21,278.72590275088663,24.304
21,280.2149409005242,24.316
21,281.6870207378366,24.328
21,283.14599953008945,24.34
21,284.5967003611327,24.352
21,286.0445024053358,24.364
21,287.49472200273885,24.376
21,288.9520461173566,24.388
21,290.42011076219336,24.4
21,291.9012231818122,24.412
21,293.396115531163,24.424
21,294.9039619412127,24.436
21,296.4226659908205,24.448
21,297.9492131209902,24.46
21,299.48011985117097,24.472
21,301.01178242643124,24.484
21,302.54073459691097,24.496
21,304.06397918115545,24.508
21,305.57926490776106,24.52
21,307.0852815460197,24.532
21,308.5817950499408,24.544
21,310.0695461032131,24.556
21,311.55004246678374,24.568
21,313.0253643045276,24.58
21,314.4977796003329,24.592
21,315.96930862572606,24.604
21,317.4415330584365,24.616
21,318.91535847769836,24.628
21,320.3908569573687,24.64
21,321.86727972263407,24.652
21,323.34321814187757,24.664
21,324.81694015908596,24.676
21,326.2868998231912,24.688
21,327.75220681013207,24.7
21,329.21299472091994,24.712
21,330.67074243486775,24.724
21,332.1284545793831,24.736
21,333.5907749226881,24.748
21,335.0640815276273,24.76
21,336.5563524816551,24.772
21,338.0769519514923,24.784
21,339.63635115558117,24.796
21,341.2457018617003,24.808
21,342.9162448954317,24.82
21,344.6585917534685,24.832
21,346.4819426330757,24.844
21,348.39342946763367,24.856
21,350.39770887402665,24.868
21,352.49691812462316,24.88
21,354.69080814099794,24.892
21,356.97686634230723,24.904
21,359.35048821732886,24.916
21,361.80533480178417,24.928
21,364.3337400706246,24.94
21,366.92685692019217,24.952
21,369.57485024336904,24.964
21,372.26729959751543,24.976
21,374.9936172728679,24.988
21,377.74342799405343,25.0
21,380.50692216752947,25.012
21,383.2751012295159,25.024
21,386.0399259659069,25.036
21,388.7944709688799,25.048
21,391.53306881155726,25.06
21,394.2512208147337,25.072
21,396.9455850933663,25.084
21,399.6140173847585,25.096
21,402.25560181390404,25.108
21,404.87063188697067,25.12
21,407.46044960981044,25.132
21,410.0271399173467,25.144
21,412.57337061294476,25.156
21,415.1023295514164,25.168
21,417.61753572288256,25.18
21,420.1227180380393,25.192
21,422.62178342077027,25.204
21,425.11872322771063,25.216
21,427.617426547753,25.228
21,430.12140693867923,25.24
21,432.6334798977757,25.252
21,435.1556157129421,25.264
21,437.68885950235057,25.276
21,440.2330926018137,25.288
21,442.7869400581022,25.3
21,445.3480681153811,25.312
21,447.9136760271343,25.324
21,450.4810296410801,25.336
21,453.0479551525493,25.348
21,455.6131588957813,25.36
21,458.17648733150315,25.372
21,460.73898194706726,25.384
21,463.30284906908366,25.396
21,465.8715242620836,25.408
21,468.4496753219433,25.42
21,471.04314625420466,25.432
21,473.6588142317744,25.444
22,476.3041807850884,25.456
22,478.98685164335444,25.468
22,481.7139675541647,25.48
22,484.49158137070276,25.492
22,487.32425707551243,25.504
22,490.21484490052035,25.516
22,493.16442401832825,25.528
22,496.17232717687506,25.54
22,499.23617761460264,25.552
22,502.3521232180655,25.564
22,505.5152452056702,25.576
22,508.7200487613006,25.588
22,511.9609417519385,25.6
22,515.2326500877356,25.612
22,518.5305537647927,25.624
22,521.8508563811998,25.636
22,525.1904619324673,25.648
22,528.546755365578,25.66
22,531.9173253242996,25.672
22,535.2996964636127,25.684
22,538.6910115976448,25.696
22,542.087797237395,25.708
22,545.4858637111851,25.72
22,548.8801724846335,25.732
22,552.2647496180929,25.744
22,555.6327714241304,25.756
22,558.976630303073,25.768
22,562.288063898382,25.78
22,565.558532196998,25.792
22,568.7796207468657,25.804
22,571.9432602539106,25.816
22,575.0419936049188,25.828
22,578.0691491794133,25.84
22,581.0189087171158,25.852
22,583.8862443196326,25.864
22,586.6667277504135,25.876
22,589.3562730485082,25.888
22,591.950875631302,25.9
22,594.4463415829252,25.912
22,596.8379917974592,25.924
22,599.1205818947608,25.936
22,601.2882871538785,25.948
22,603.3346406231592,25.96
22,605.2526852280688,25.972
22,607.0350983208206,25.984
22,608.6742976228468,25.996
22,610.162743899969,26.008
22,611.4933571428041,26.02
22,612.6599300437289,26.032
22,613.657521017447,26.044
22,614.4827135176795,26.056
22,615.133694855969,26.068
22,615.6101679474644,26.08
22,615.9132415936898,26.092
22,616.0453916273403,26.104
22,616.010361645397,26.116
22,615.812979617048,26.128
22,615.4589403420102,26.14
22,614.9547676823648,26.152
22,614.3078549938899,26.164
22,613.5264139464922,26.176
22,612.6194164496001,26.188
22,611.5964885003116,26.2
22,610.4677149687459,26.212
22,609.2434773950584,26.224
22,607.9343135192008,26.236
22,606.5507283184902,26.248
22,605.1030018470727,26.26
22,603.601095418565,26.272
22,602.0544285010602,26.284
22,600.4714632505792,26.296
22,598.8594804658235,26.308
22,597.224580810415,26.32
22,595.5717129090443,26.332
22,593.9047288779781,26.344
22,592.2262962109183,26.356
22,590.5377998255459,26.368
22,588.8394790934212,26.38
22,587.1305949562177,26.392
22,585.4095451510269,26.404
22,583.6740880285595,26.416
22,581.9216966999567,26.428
22,580.1499869061921,26.44
22,578.3571222689375,26.452
22,576.5419905542083,26.464
22,574.7042879715242,26.476
22,572.8446576556261,26.488
22,570.9647298664768,26.5
22,569.066885776959,26.512
22,567.1538395759486,26.524
22,565.2280034388095,26.536
22,563.290807078931,26.548
22,561.3422827672655,26.56
22,559.3807422806076,26.572
22,557.4027726064911,26.584
22,555.4033061850191,26.596
22,553.3754505359274,26.608
22,551.3102981019969,26.62
22,549.1969436073156,26.632
22,547.0227756759798,26.644
23,544.7741459898099,26.656
23,542.4371587853424,26.668
23,539.9985479933116,26.68
23,537.4467190070116,26.692
23,534.7725702914839,26.704
23,531.9700891897455,26.716
23,529.0367231811606,26.728
23,525.9735390873414,26.74
23,522.7852715580043,26.752
23,519.4801953272402,26.764
23,516.0697902897133,26.776
23,512.5682079434647,26.788
23,508.99146989806474,26.8
23,505.35658383784124,26.812
23,501.68079069730715,26.824
23,497.9808434865322,26.836
23,494.27246183646827,26.848
23,490.56991798056924,26.86
23,486.88571830066843,26.872
23,483.23048207393344,26.884
23,479.61302531436627,26.896
23,476.0403334244,26.908
23,472.5175513068544,26.92
23,469.04825212924584,26.932
23,465.63476498701965,26.944
23,462.2784924332298,26.956
23,458.980327568502,26.968
23,455.74103456697065,26.98
23,452.5614856006924,26.992
23,449.4429379277244,27.004
23,446.3871624620773,27.016
23,443.3964371618364,27.028
23,440.4735674062375,27.04
23,437.6217867504834,27.052
23,434.84456474282246,27.064
23,432.14535915538687,27.076
23,429.52730932374857,27.088
23,426.9929573129863,27.1
23,424.5440518121786,27.112
23,422.18137956918963,27.124
23,419.9044553467134,27.136
23,417.71123605336174,27.148
23,415.598039128443,27.16
23,413.5595493016884,27.172
23,411.5891109686375,27.184
23,409.6791240986996,27.196
23,407.8213702976043,27.208
23,406.0073115198093,27.22
23,404.22846072143915,27.232
23,402.47676472319404,27.244
23,400.7450488870603,27.256
23,399.02755232855213,27.268
23,397.32046388885533,27.28
23,395.62221590689404,27.292
23,393.9335215908803,27.304
23,392.2572497214219,27.316
23,390.59811142692433,27.328
23,388.96218668017036,27.34
23,387.35634836527186,27.352
23,385.7875346129901,27.364
23,384.2619815414961,27.376
23,382.7846062257616,27.388
23,381.358582255488,27.4
23,379.9851126191828,27.412
23,378.6633381974757,27.424
23,377.39049809456293,27.436
23,376.1621795924442,27.448
23,374.97254530185376,27.46
23,373.81442476560807,27.472
23,372.67953691421246,27.484
23,371.5591629025088,27.496
23,370.4446706080513,27.508
23,369.32776613321175,27.52
23,368.20071900397716,27.532
23,367.0565117304138,27.544
23,365.88903065040967,27.556
23,364.6933355307356,27.568
23,363.4657661549677,27.58
23,362.2039325436559,27.592
23,360.9066987817211,27.604
23,359.574073809424,27.616
23,358.20700558584736,27.628
23,356.8071184980532,27.64
23,355.37647806648835,27.652
23,353.9174937759746,27.664
23,352.4329221301206,27.676
23,350.92583837911945,27.688
23,349.39961508955435,27.7
23,347.85802986245477,27.712
23,346.30542736568304,27.724
23,344.74692615300364,27.736
23,343.188632203656,27.748
23,341.6377229418487,27.76
23,340.1024162063685,27.772
23,338.59171795439534,27.784
23,337.11509752440065,27.796
23,335.6823484972008,27.808
23,334.303569188241,27.82
23,332.98906041989983,27.832
23,331.7490249457639,27.844
24,330.59285617125107,27.856
24,329.5283215836295,27.868
24,328.5608270493628,27.88
24,327.69269909029214,27.892
24,326.92269285517744,27.904
24,326.2456825331305,27.916
24,325.6526053111483,27.928
24,325.13071800348274,27.94
24,324.66401148915867,27.952
24,324.2337030817992,27.964
24,323.81883843353677,27.976
24,323.396931290664,27.988
24,322.9450278346917,28.0
24,322.44098457435456,28.012
24,321.8645322202114,28.024
24,321.19818987097307,28.036
24,320.42805974057705,28.048
24,319.54444708576744,28.06
24,318.5422621297028,28.072
24,317.4210658613158,28.084
24,316.184736792721,28.096
24,314.8410322170391,28.108
24,313.4010709736102,28.12
24,311.8785001320551,28.132
24,310.28851475890673,28.144
24,308.6468891411222,28.156
24,306.9690601874517,28.168
24,305.26934392741697,28.18
24,303.5602297018131,28.192
24,301.85171457902055,28.204
24,300.1510114580112,28.216
24,298.46247560236066,28.228
24,296.7875692958453,28.24
24,295.1251253843057,28.252
24,293.4718785117322,28.264
24,291.8231320889672,28.276
24,290.17340982762806,28.288
24,288.51708409925726,28.3
24,286.84893256656824,28.312
24,285.1646802273904,28.324
24,283.46161824540894,28.336
24,281.73916150270657,28.348
24,279.99914574961747,28.36
24,278.24578833232425,28.372
24,276.4853585177216,28.384
24,274.72575164143933,28.396
24,272.9760690773511,28.408
24,271.24619463667415,28.42
24,269.54632583980356,28.432
24,267.88660956854216,28.444
24,266.2767649253984,28.456
24,264.7255536962442,28.468
24,263.2401264866275,28.48
24,261.82554209708024,28.492
24,260.4846160162886,28.504
24,259.2180691979017,28.516
24,258.02480855098634,28.528
24,256.90233305807214,28.54
24,255.84717247390793,28.552
24,254.8554579897034,28.564
24,253.92355227805422,28.576
24,253.04859365810566,28.588
24,252.22886562046864,28.6
24,251.46396109951252,28.612
24,250.7547800475984,28.624
24,250.10331368550175,28.636
24,249.51239391812086,28.648
24,248.98546950257784,28.66
24,248.5264093390461,28.672
24,248.13925509859706,28.684
24,247.8277641937811,28.696
24,247.5950152133482,28.708
24,247.44321596242438,28.72
24,247.373526224484,28.732
24,247.38595571584796,28.744
24,247.47930611792208,28.756
24,247.65109950096152,28.768
24,247.89763473640633,28.78
24,248.21410628709913,28.792
24,248.59468578910804,28.804
24,249.03270279718674,28.816
24,249.52093298448307,28.828
24,250.05199468760105,28.84
24,250.61875335104313,28.852
24,251.21459875771217,28.864
24,251.83351115175603,28.876
24,252.47007651966354,28.888
24,253.1194537521368,28.9
24,253.77716913103288,28.912
24,254.43888712392402,28.924
24,255.10032591891013,28.936
24,255.75719209421078,28.948
24,256.4051043540066,28.96
24,257.0395370053237,28.972
24,257.6558183169808,28.984
24,258.24928809084724,28.996
24,258.81551982539054,29.008
24,259.3505103473442,29.02
24,259.8508540073296,29.032
24,260.31394132939124,29.044
25,260.73855099357434,29.056
25,261.1254915162638,29.068
25,261.47801073145047,29.08
25,261.8019938854322,29.092
25,262.1059780385725,29.104
25,262.4010182088451,29.116
25,262.70035105440866,29.128
25,263.0188941970013,29.14
25,263.3726297299025,29.152
25,263.7779582904219,29.164
25,264.2510644021691,29.176
25,264.8073033547554,29.188
25,265.46035435810234,29.2
25,266.22120764090056,29.212
25,267.09739334285854,29.224
25,268.0924598081864,29.236
25,269.2055682944544,29.248
25,270.4313128779339,29.26
25,271.7598499766806,29.272
25,273.1773068035189,29.284
25,274.6666102925674,29.296
25,276.20850723915333,29.308
25,277.7825469808348,29.32
25,279.3682009502398,29.332
25,280.9461997290968,29.344
25,282.4997880052805,29.356
25,284.0155999933353,29.368
25,285.48416260511533,29.38
25,286.9002469637346,29.392
25,288.2629832768831,29.404
25,289.57561664997473,29.416
25,290.8450904608816,29.428
25,292.08160739439654,29.44
25,293.2980613636046,29.452
25,294.50927462529705,29.464
25,295.73107574029723,29.476
25,296.9794689503624,29.488
25,298.2698134746127,29.5
25,299.61605649964133,29.512
25,301.0300893994562,29.524
25,302.52121367485273,29.536
25,304.09579686560977,29.548
25,305.7571258667834,29.56
25,307.50558394239386,29.572
25,309.3390275081214,29.584
25,311.2531993742221,29.596
25,313.24214616329056,29.608
25,315.29869830887236,29.62
25,317.41490782395226,29.632
25,319.58226977525584,29.644
25,321.79187646885975,29.656
25,324.0346898567397,29.668
25,326.3019674398483,29.68
25,326.3019674398483,29.692
25,326.3019674398483,29.704
25,326.3019674398483,29.716
25,326.3019674398483,29.728
25,326.3019674398483,29.74
25,326.3019674398483,29.752
25,326.3019674398483,29.764
25,326.3019674398483,29.776
25,326.3019674398483,29.788
25,326.3019674398483,29.8
25,326.3019674398483,29.812
25,326.3019674398483,29.824
25,326.3019674398483,29.836
25,326.3019674398483,29.848
25,326.3019674398483,29.86
25,326.3019674398483,29.872
25,326.3019674398483,29.884
25,326.3019674398483,29.896
25,326.3019674398483,29.908
25,326.3019674398483,29.92
25,326.3019674398483,29.932
25,326.3019674398483,29.944
25,326.3019674398483,29.956
25,326.3019674398483,29.968
25,326.3019674398483,29.98
25,326.3019674398483,29.992
25,326.3019674398483,30.004
25,326.3019674398483,30.016
25,326.3019674398483,30.028
25,326.3019674398483,30.04
25,326.3019674398483,30.052
25,326.3019674398483,30.064
25,326.3019674398483,30.076
25,326.3019674398483,30.088
25,326.3019674398483,30.1
25,326.3019674398483,30.112
25,326.3019674398483,30.124
25,326.3019674398483,30.136
25,326.3019674398483,30.148
25,326.3019674398483,30.16
25,326.3019674398483,30.172
25,326.3019674398483,30.184
25,326.3019674398483,30.196
25,326.3019674398483,30.208
25,326.3019674398483,30.22
25,326.3019674398483,30.232
25,326.3019674398483,30.244
26,326.3019674398483,30.256
26,326.3019674398483,30.268
26,326.3019674398483,30.28
26,326.3019674398483,30.292
26,326.3019674398483,30.304
26,326.3019674398483,30.316
26,326.3019674398483,30.328
26,326.3019674398483,30.34
26,326.3019674398483,30.352
26,326.3019674398483,30.364
26,326.3019674398483,30.376
26,326.3019674398483,30.388
26,326.3019674398483,30.4
26,326.3019674398483,30.412
26,326.3019674398483,30.424
26,326.3019674398483,30.436
26,326.3019674398483,30.448
26,326.3019674398483,30.46
26,326.3019674398483,30.472
26,326.3019674398483,30.484
26,326.3019674398483,30.496
26,326.3019674398483,30.508
26,326.3019674398483,30.52
26,326.3019674398483,30.532
26,326.3019674398483,30.544
26,326.3019674398483,30.556
26,326.3019674398483,30.568
26,326.3019674398483,30.58
26,326.3019674398483,30.592
26,326.3019674398483,30.604
26,326.3019674398483,30.616
26,326.3019674398483,30.628
26,326.3019674398483,30.64
26,326.3019674398483,30.652
26,326.3019674398483,30.664
26,326.3019674398483,30.676
26,326.3019674398483,30.688
26,326.3019674398483,30.7
26,326.3019674398483,30.712
26,326.3019674398483,30.724
26,326.3019674398483,30.736
26,326.3019674398483,30.748
26,326.3019674398483,30.76
26,326.3019674398483,30.772
26,326.3019674398483,30.784
26,326.3019674398483,30.796
26,326.3019674398483,30.808
26,326.3019674398483,30.82
26,326.3019674398483,30.832
26,326.3019674398483,30.844
26,326.3019674398483,30.856
26,326.3019674398483,30.868
26,326.3019674398483,30.88
26,326.3019674398483,30.892
26,326.3019674398483,30.904
26,326.3019674398483,30.916
26,326.3019674398483,30.928
26,326.3019674398483,30.94
26,326.3019674398483,30.952
26,326.3019674398483,30.964
26,326.3019674398483,30.976
26,326.3019674398483,30.988
26,326.3019674398483,31.0
26,326.3019674398483,31.012
26,326.3019674398483,31.024
26,326.3019674398483,31.036
26,326.3019674398483,31.048
26,326.3019674398483,31.06
26,326.3019674398483,31.072
26,326.3019674398483,31.084
26,326.3019674398483,31.096
26,326.3019674398483,31.108
26,326.3019674398483,31.12
26,326.3019674398483,31.132
26,326.3019674398483,31.144
26,326.3019674398483,31.156
26,326.3019674398483,31.168
26,326.3019674398483,31.18
26,326.3019674398483,31.192
26,326.3019674398483,31.204
26,326.3019674398483,31.216
26,326.3019674398483,31.228
26,326.3019674398483,31.24
26,326.3019674398483,31.252
26,326.3019674398483,31.264
26,326.3019674398483,31.276
26,326.3019674398483,31.288
26,326.3019674398483,31.3
26,326.3019674398483,31.312
26,326.3019674398483,31.324
26,326.3019674398483,31.336
26,326.3019674398483,31.348
26,326.3019674398483,31.36
26,326.3019674398483,31.372
26,326.3019674398483,31.384
26,326.3019674398483,31.396
26,326.3019674398483,31.408
26,326.3019674398483,31.42
26,326.3019674398483,31.432
26,326.3019674398483,31.444
27,326.3019674398483,31.456
27,326.3019674398483,31.468
27,326.3019674398483,31.48
